closest_mrt_dist,cbd_dist,town,storey_range,floor_area_sqm,flat_model,resale_price,years_remaining
1139.237829,9333.847525,ANG MO KIO,16 TO 18,120,Improved,593000,61
313.9132074,9300.675712,ANG MO KIO,10 TO 12,73,New Generation,340000,59
642.181768,9714.8707,ANG MO KIO,10 TO 12,135,Model A,850000,58
758.9296011,10652.26023,ANG MO KIO,01 TO 03,67,New Generation,266000,62
743.4350347,8911.817049,ANG MO KIO,01 TO 03,91,New Generation,395000,63
428.0856123,9306.516015,ANG MO KIO,04 TO 06,98,New Generation,488000,59
497.327924,9138.402062,ANG MO KIO,07 TO 09,73,New Generation,380000,54
573.8199518,9371.712129,ANG MO KIO,04 TO 06,82,New Generation,358000,61
653.7615214,10866.63797,ANG MO KIO,07 TO 09,68,New Generation,275000,61
580.4566026,9837.24085,ANG MO KIO,07 TO 09,123,Standard,630000,56
636.9849102,10423.98357,ANG MO KIO,04 TO 06,68,New Generation,340000,58
352.6080285,9830.868659,ANG MO KIO,01 TO 03,82,New Generation,326888,61
459.2322764,9840.63413,ANG MO KIO,10 TO 12,112,DBSS,755000,93
430.4190872,9851.054067,ANG MO KIO,04 TO 06,120,DBSS,788000,93
929.1641593,9825.917255,ANG MO KIO,01 TO 03,68,New Generation,265000,62
635.2384969,9663.283533,ANG MO KIO,04 TO 06,73,New Generation,360000,56
316.5823672,9888.814405,ANG MO KIO,28 TO 30,110,Improved,789000,81
584.672197,9478.343681,ANG MO KIO,07 TO 09,67,New Generation,280000,57
907.6020846,9142.392607,ANG MO KIO,13 TO 15,67,New Generation,360000,53
595.1167055,9213.242553,ANG MO KIO,10 TO 12,119,Improved,665000,56
1634.118769,10041.31441,BEDOK,10 TO 12,117,Standard,645000,56
464.9438217,8052.146386,BEDOK,10 TO 12,104,Model A,665000,70
874.7779866,11561.03853,BEDOK,07 TO 09,92,New Generation,368000,59
561.9272762,10389.10762,BEDOK,13 TO 15,59,Improved,312000,55
640.4754378,11032.85714,BEDOK,10 TO 12,60,Improved,315000,63
640.5156977,10585.36516,BEDOK,07 TO 09,67,New Generation,290000,59
630.9916029,10163.82939,BEDOK,04 TO 06,68,New Generation,280000,60
1499.024407,10174.91123,BEDOK,13 TO 15,65,Improved,285000,55
835.0452229,10076.13109,BEDOK,01 TO 03,67,New Generation,256800,58
718.7418122,10114.93682,BEDOK,04 TO 06,92,New Generation,380000,57
874.7779866,11561.03853,BEDOK,04 TO 06,92,New Generation,340000,58
682.6282847,11152.96181,BEDOK,07 TO 09,92,New Generation,391800,56
1302.776463,10332.33376,BEDOK,13 TO 15,69,Model A,493000,90
383.3590781,9749.310343,BEDOK,13 TO 15,87,DBSS,733000,93
962.2909393,9770.206272,BEDOK,10 TO 12,92,New Generation,368000,59
363.2506222,8843.359468,BEDOK,01 TO 03,122,Improved,440000,68
381.5742308,10401.49032,BEDOK,07 TO 09,67,New Generation,346888,55
556.0618193,11123.89812,BEDOK,13 TO 15,84,Improved,415000,56
523.0623836,10519.23869,BEDOK,04 TO 06,59,Improved,250000,57
684.2328162,10112.30657,BEDOK,04 TO 06,68,New Generation,293000,61
882.7587374,8417.804611,BISHAN,04 TO 06,119,Model A,700000,69
585.460715,7018.856082,BISHAN,10 TO 12,121,Improved,720000,69
325.6235742,8075.624803,BISHAN,04 TO 06,65,Improved,250000,52
1221.719943,8712.978444,BISHAN,07 TO 09,115,Model A,628888,74
866.2414198,8199.12865,BISHAN,28 TO 30,120,DBSS,1060000,90
674.0706989,6807.228257,BISHAN,10 TO 12,121,Improved,723000,66
1030.49093,8313.204091,BISHAN,10 TO 12,104,Model A,670000,70
323.1912831,7433.360901,BISHAN,04 TO 06,64,Simplified,443000,66
754.8312294,6963.359352,BISHAN,01 TO 03,123,Improved,630000,68
417.4698478,7142.619779,BISHAN,07 TO 09,84,Simplified,520000,68
821.5137817,8126.887126,BISHAN,01 TO 03,120,DBSS,1085000,88
478.1889376,7242.556991,BISHAN,04 TO 06,64,Simplified,430000,65
729.5198425,7295.93514,BISHAN,04 TO 06,122,Improved,658888,65
1112.327944,8731.358139,BISHAN,04 TO 06,131,Model A,745000,73
894.6233645,8380.909918,BISHAN,01 TO 03,105,Model A,530000,70
786.6368786,7202.181693,BISHAN,01 TO 03,103,Model A,488800,67
750.2035594,8304.143141,BISHAN,04 TO 06,146,Maisonette,950000,70
923.0759624,8462.737966,BISHAN,04 TO 06,114,Model A,688000,74
559.0095225,8116.246001,BISHAN,04 TO 06,105,Model A,665000,69
938.0799665,9048.564629,BISHAN,04 TO 06,64,Simplified,375000,66
605.1672448,13794.65597,BUKIT BATOK,10 TO 12,105,Model A,432000,71
516.4419014,14273.19432,BUKIT BATOK,10 TO 12,73,Model A,380000,64
993.2545252,14136.8614,BUKIT BATOK,01 TO 03,67,New Generation,268000,66
797.4836402,14604.82011,BUKIT BATOK,04 TO 06,84,Simplified,340000,64
268.1312598,13647.76843,BUKIT BATOK,04 TO 06,104,Model A,355018,64
1350.558693,12138.09341,BUKIT BATOK,10 TO 12,144,Apartment,730000,77
759.3005427,12814.3692,BUKIT BATOK,01 TO 03,67,New Generation,335000,62
635.6034149,13487.12714,BUKIT BATOK,25 TO 27,113,Premium Apartment,865000,95
185.2049565,13841.47401,BUKIT BATOK,04 TO 06,146,Maisonette,775000,62
968.0584417,12728.95623,BUKIT BATOK,04 TO 06,121,Improved,560000,62
834.9952729,14044.36712,BUKIT BATOK,04 TO 06,74,Model A,253000,64
277.5689698,13576.3286,BUKIT BATOK,07 TO 09,150,Model A,650000,62
1003.349376,12475.5166,BUKIT BATOK,01 TO 03,121,Improved,465000,78
635.6034149,13487.12714,BUKIT BATOK,04 TO 06,95,Premium Apartment,705000,95
592.2317862,13042.11205,BUKIT BATOK,07 TO 09,67,New Generation,263000,67
857.5431767,14121.61602,BUKIT BATOK,07 TO 09,105,Model A,405000,67
808.7603633,12925.15097,BUKIT BATOK,01 TO 03,73,Model A,265000,67
341.5626178,13813.8856,BUKIT BATOK,07 TO 09,103,Model A,410000,63
635.6034149,13487.12714,BUKIT BATOK,16 TO 18,115,Premium Apartment,900000,94
343.4038046,13359.44249,BUKIT BATOK,10 TO 12,104,Model A,428000,61
978.0514969,3079.001317,BUKIT MERAH,04 TO 06,75,Model A,416000,61
624.6417782,2103.735656,BUKIT MERAH,01 TO 03,88,Standard,560000,54
156.3504724,3820.397791,BUKIT MERAH,01 TO 03,115,Improved,725000,83
1102.579434,3344.39128,BUKIT MERAH,04 TO 06,120,Improved,700000,82
192.8711759,3939.960662,BUKIT MERAH,07 TO 09,115,Improved,836000,85
238.9959608,4047.801721,BUKIT MERAH,16 TO 18,100,Model A,808808,87
267.0083428,4709.624618,BUKIT MERAH,07 TO 09,98,New Generation,500000,59
1147.393959,3472.040751,BUKIT MERAH,13 TO 15,65,Improved,245000,55
315.6492116,3948.968226,BUKIT MERAH,16 TO 18,100,Model A,702888,82
262.8886904,2741.773318,BUKIT MERAH,07 TO 09,59,Standard,295000,49
733.9804799,4771.300094,BUKIT MERAH,01 TO 03,120,Improved,590000,79
380.8147463,5082.57878,BUKIT MERAH,31 TO 33,95,Premium Apartment,975000,91
292.9482216,2440.538391,BUKIT MERAH,31 TO 33,93,Model A,1008000,94
369.9622736,2882.673671,BUKIT MERAH,10 TO 12,42,Standard,180000,49
988.0820346,2439.478443,BUKIT MERAH,16 TO 18,117,Improved,673000,63
474.6216255,4581.513035,BUKIT MERAH,01 TO 03,73,New Generation,332000,57
994.8064033,3378.216609,BUKIT MERAH,07 TO 09,59,Improved,243800,55
525.6654196,2634.909559,BUKIT MERAH,04 TO 06,92,Model A,590000,84
420.3138617,2538.648804,BUKIT MERAH,19 TO 21,115,Improved,810000,80
899.1199187,3088.482155,BUKIT MERAH,04 TO 06,75,Model A,340000,64
1459.121206,14840.24737,BUKIT PANJANG,07 TO 09,112,Improved,495000,95
1128.694368,13196.1416,BUKIT PANJANG,07 TO 09,73,Model A,322000,66
1407.126114,13508.57992,BUKIT PANJANG,04 TO 06,106,Model A,465000,65
1189.193095,14656.68154,BUKIT PANJANG,10 TO 12,90,Model A2,452000,75
1244.765402,13309.32184,BUKIT PANJANG,01 TO 03,64,Simplified,300000,66
1290.172054,13049.03854,BUKIT PANJANG,07 TO 09,122,Improved,435000,70
949.3830359,14147.37434,BUKIT PANJANG,10 TO 12,113,Improved,648800,93
1313.962997,13676.77031,BUKIT PANJANG,04 TO 06,103,Model A,370000,67
817.1999732,14001.57482,BUKIT PANJANG,01 TO 03,88,Simplified,280000,68
995.5121748,15517.25727,BUKIT PANJANG,31 TO 33,112,Improved,740000,92
1423.3997,15018.93991,BUKIT PANJANG,10 TO 12,92,Model A,440000,94
1417.412229,14724.41746,BUKIT PANJANG,13 TO 15,92,Model A,445000,95
247.6083173,14698.40694,BUKIT PANJANG,25 TO 27,120,Improved,775000,77
1333.599873,15001.9585,BUKIT PANJANG,10 TO 12,67,Model A,325000,94
1711.940203,14602.19673,BUKIT PANJANG,07 TO 09,110,Premium Apartment,375000,82
582.7278598,13948.53411,BUKIT PANJANG,13 TO 15,121,Improved,548888,80
1302.120301,14309.65045,BUKIT PANJANG,04 TO 06,68,Model A,310000,94
974.589554,15482.89455,BUKIT PANJANG,19 TO 21,93,Model A,440000,95
972.0567767,15446.80643,BUKIT PANJANG,07 TO 09,67,Model A,323000,94
914.4959577,14652.55437,BUKIT PANJANG,01 TO 03,123,Improved,420000,78
253.5896374,10584.55364,BUKIT TIMAH,04 TO 06,104,Model A,680000,70
516.3701089,10662.81871,BUKIT TIMAH,01 TO 03,122,Improved,770000,67
516.3701089,10662.81871,BUKIT TIMAH,10 TO 12,104,Model A,720000,70
76.59805295,6128.765114,BUKIT TIMAH,01 TO 03,91,Improved,530000,51
97.74938457,6145.105363,BUKIT TIMAH,10 TO 12,120,Standard,890000,56
443.2435623,10531.67756,BUKIT TIMAH,01 TO 03,146,Maisonette,990000,69
466.5359842,10724.9026,BUKIT TIMAH,13 TO 15,104,Model A,650000,70
366.770496,10516.57589,BUKIT TIMAH,01 TO 03,122,Improved,828000,66
171.7628257,6233.295793,BUKIT TIMAH,04 TO 06,73,Improved,420000,51
403.5831873,10752.03791,BUKIT TIMAH,04 TO 06,104,Model A,790000,65
366.770496,10516.57589,BUKIT TIMAH,13 TO 15,104,Model A,710888,67
487.5961512,6281.764484,BUKIT TIMAH,01 TO 03,89,Improved,628000,51
429.9482308,10734.74458,BUKIT TIMAH,13 TO 15,104,Model A,680000,70
419.499048,6238.380809,BUKIT TIMAH,10 TO 12,91,Improved,590000,51
97.74938457,6145.105363,BUKIT TIMAH,07 TO 09,123,Standard,850000,53
366.770496,10516.57589,BUKIT TIMAH,07 TO 09,104,Model A,840000,64
459.2080735,10796.0938,BUKIT TIMAH,01 TO 03,146,Maisonette,885000,70
253.5896374,10584.55364,BUKIT TIMAH,07 TO 09,104,Model A,740000,68
384.1760279,10779.68609,BUKIT TIMAH,04 TO 06,122,Improved,783000,68
171.7628257,6233.295793,BUKIT TIMAH,07 TO 09,73,Improved,388000,53
386.5133992,1063.241124,CENTRAL AREA,07 TO 09,65,Improved,376000,56
233.3174721,2263.422424,CENTRAL AREA,10 TO 12,84,Standard,480000,51
292.5155444,2856.389461,CENTRAL AREA,16 TO 18,75,Model A,483000,83
71.00928636,2543.317325,CENTRAL AREA,01 TO 03,72,Model A,460000,63
378.6197497,2884.189222,CENTRAL AREA,07 TO 09,105,Improved,585888,83
233.3174721,2263.422424,CENTRAL AREA,16 TO 18,56,Standard,390000,55
293.9665621,992.1200279,CENTRAL AREA,07 TO 09,52,Standard,350000,60
279.0777178,876.6637468,CENTRAL AREA,10 TO 12,82,Improved,590000,63
346.0186871,945.962861,CENTRAL AREA,10 TO 12,60,Improved,428000,61
348.6761049,1235.378296,CENTRAL AREA,04 TO 06,105,Type S2,1020000,89
727.4791354,1409.321548,CENTRAL AREA,16 TO 18,54,Improved,308000,48
317.8930122,2800.438353,CENTRAL AREA,22 TO 24,141,Model A,950000,60
411.517629,1280.729667,CENTRAL AREA,04 TO 06,70,Improved,480000,57
249.6209338,1934.299684,CENTRAL AREA,07 TO 09,92,New Generation,722000,65
264.8150307,1283.717649,CENTRAL AREA,40 TO 42,107,Type S2,1100000,92
212.5144302,2595.998268,CENTRAL AREA,13 TO 15,65,Improved,352000,57
206.0807356,2508.355468,CENTRAL AREA,16 TO 18,82,Improved,575000,59
504.8334832,1388.068912,CENTRAL AREA,46 TO 48,97,Type S1,1080000,89
215.6649944,1729.299527,CENTRAL AREA,19 TO 21,60,Improved,432000,60
348.6761049,1235.378296,CENTRAL AREA,04 TO 06,96,Type S1,825000,93
306.5981204,16929.56568,CHOA CHU KANG,04 TO 06,109,Model A,373000,76
566.1627528,15905.08492,CHOA CHU KANG,10 TO 12,104,Model A,343000,70
1401.473935,15598.96762,CHOA CHU KANG,13 TO 15,113,Improved,670000,94
355.5388505,16794.31403,CHOA CHU KANG,07 TO 09,128,Improved,488000,78
243.4008049,16971.37851,CHOA CHU KANG,07 TO 09,113,Premium Apartment,435000,79
789.4409248,16446.75335,CHOA CHU KANG,10 TO 12,104,Model A,465000,70
525.2243473,17342.18495,CHOA CHU KANG,04 TO 06,102,Model A,308000,79
492.1947723,16794.27623,CHOA CHU KANG,07 TO 09,108,Model A,455000,73
478.2780564,17048.58173,CHOA CHU KANG,10 TO 12,67,Model A,315000,94
782.117243,16488.15586,CHOA CHU KANG,16 TO 18,126,Model A,560000,70
1035.312895,15390.13313,CHOA CHU KANG,04 TO 06,73,Model A,280000,69
1064.63184,15521.37266,CHOA CHU KANG,07 TO 09,93,Model A,453000,95
475.9598014,16030.94092,CHOA CHU KANG,04 TO 06,122,Improved,480000,72
565.6197767,17517.67288,CHOA CHU KANG,04 TO 06,124,Premium Apartment,410000,79
448.790137,17149.39383,CHOA CHU KANG,13 TO 15,104,Premium Apartment,360000,80
525.2243473,17342.18495,CHOA CHU KANG,04 TO 06,103,Model A,301000,79
805.6364512,17383.0861,CHOA CHU KANG,13 TO 15,90,Model A,325000,84
1201.004432,16166.34808,CHOA CHU KANG,04 TO 06,113,Improved,460000,95
437.1233967,16632.7497,CHOA CHU KANG,01 TO 03,144,Apartment,600000,71
648.3718499,17736.80065,CHOA CHU KANG,07 TO 09,106,Premium Apartment,348000,80
443.5987396,10351.05005,CLEMENTI,04 TO 06,82,DBSS,695000,93
1112.824752,9969.35361,CLEMENTI,07 TO 09,147,Maisonette,910000,65
500.2134988,9816.364551,CLEMENTI,25 TO 27,119,Improved,705000,56
302.4395799,10477.60231,CLEMENTI,10 TO 12,91,New Generation,535000,60
443.5987396,10351.05005,CLEMENTI,28 TO 30,82,DBSS,752888,92
553.3535693,10385.42973,CLEMENTI,22 TO 24,105,DBSS,1010000,90
667.7345547,10002.10315,CLEMENTI,10 TO 12,92,New Generation,480000,58
725.3049245,10748.08467,CLEMENTI,04 TO 06,91,New Generation,428888,64
752.911416,9671.510513,CLEMENTI,16 TO 18,100,Model A,715000,92
752.911416,9671.510513,CLEMENTI,22 TO 24,74,Model A,525000,93
1346.492008,9473.691745,CLEMENTI,04 TO 06,74,Model A,264000,62
171.2712459,10203.53068,CLEMENTI,01 TO 03,68,New Generation,390000,62
683.6408067,10291.23309,CLEMENTI,04 TO 06,67,New Generation,270000,59
1095.393503,10091.41762,CLEMENTI,04 TO 06,104,Model A,518000,63
676.1947539,9603.750927,CLEMENTI,10 TO 12,97,New Generation,470000,57
481.5427266,10349.06635,CLEMENTI,10 TO 12,60,DBSS,515000,93
932.1045595,10371.14516,CLEMENTI,10 TO 12,67,New Generation,275000,60
496.8158095,9745.296589,CLEMENTI,04 TO 06,82,New Generation,415000,60
580.6399567,9792.979347,CLEMENTI,04 TO 06,67,New Generation,276000,59
197.8319318,10277.84191,CLEMENTI,04 TO 06,67,New Generation,360000,56
294.4802017,6790.456309,GEYLANG,19 TO 21,160,Apartment,895000,64
532.7812574,5965.111492,GEYLANG,19 TO 21,118,Improved,755000,63
503.7398136,5591.750955,GEYLANG,04 TO 06,67,New Generation,310000,61
285.2464065,6944.65765,GEYLANG,19 TO 21,90,Model A,695000,86
778.3078115,6036.085297,GEYLANG,07 TO 09,76,Improved,350000,57
252.9215987,6986.396433,GEYLANG,01 TO 03,85,Model A,630000,84
327.7940676,4496.785701,GEYLANG,10 TO 12,82,New Generation,410000,60
503.7398136,5591.750955,GEYLANG,04 TO 06,67,New Generation,280000,58
620.1393336,5706.959587,GEYLANG,04 TO 06,65,Improved,278888,53
493.7093603,6544.801231,GEYLANG,13 TO 15,127,Improved,760000,74
317.309435,6059.444357,GEYLANG,07 TO 09,105,New Generation,675888,62
380.6675019,5652.03249,GEYLANG,13 TO 15,121,Improved,575000,65
633.2960599,7790.219884,GEYLANG,04 TO 06,64,Simplified,272000,65
506.7008156,4851.884289,GEYLANG,07 TO 09,65,Improved,305000,58
549.2260855,5555.388099,GEYLANG,10 TO 12,91,New Generation,487000,56
542.4167734,6529.215117,GEYLANG,10 TO 12,95,Model A,645000,93
319.4009895,5412.246641,GEYLANG,04 TO 06,91,New Generation,470000,60
228.4094818,7157.035172,GEYLANG,10 TO 12,92,New Generation,538000,55
369.5147109,4610.99013,GEYLANG,10 TO 12,102,Model A,720000,76
600.8642282,5779.03187,GEYLANG,04 TO 06,76,Improved,328000,56
1750.777122,11051.89695,HOUGANG,10 TO 12,93,Model A,445000,93
587.5119521,10483.35864,HOUGANG,04 TO 06,122,Improved,595000,63
802.9132129,10395.59461,HOUGANG,01 TO 03,67,New Generation,260000,65
1314.998395,12121.86641,HOUGANG,07 TO 09,92,Premium Apartment,545000,94
1653.969495,10681.26101,HOUGANG,01 TO 03,121,Improved,475000,77
415.4674099,10693.97764,HOUGANG,04 TO 06,64,Simplified,306000,64
1722.585283,10945.67096,HOUGANG,01 TO 03,116,Improved,598888,76
769.3098803,11275.99401,HOUGANG,01 TO 03,100,Model A,360000,77
686.5546425,10095.96002,HOUGANG,07 TO 09,91,New Generation,390088.88,67
676.5002033,9860.512339,HOUGANG,10 TO 12,120,Improved,630000,78
876.2064141,10064.32251,HOUGANG,10 TO 12,92,Model A,483888,95
515.5780529,11505.35288,HOUGANG,01 TO 03,103,Model A,408000,70
186.1252608,10728.1419,HOUGANG,01 TO 03,141,Apartment,790000,79
827.1752359,8503.816965,HOUGANG,04 TO 06,103,Model A,375000,63
1722.585283,10945.67096,HOUGANG,01 TO 03,116,Improved,400000,80
761.0726141,9171.663171,HOUGANG,10 TO 12,104,Model A,485000,61
1107.773278,10658.32563,HOUGANG,07 TO 09,107,Model A,380000,67
744.8834107,10069.61883,HOUGANG,07 TO 09,94,New Generation,350000,66
1379.495105,10810.18523,HOUGANG,07 TO 09,120,Improved,465000,80
1123.05499,11169.22351,HOUGANG,10 TO 12,120,Improved,463000,79
629.0099188,13558.94441,JURONG EAST,04 TO 06,103,Model A,490000,81
552.1843543,14181.13356,JURONG EAST,10 TO 12,118,Improved,560000,66
687.4991289,13872.30967,JURONG EAST,22 TO 24,120,Improved,580000,61
1004.472388,13933.50492,JURONG EAST,10 TO 12,68,New Generation,360000,60
803.7077886,14035.71237,JURONG EAST,07 TO 09,82,New Generation,339000,65
595.2500047,14808.36699,JURONG EAST,04 TO 06,104,Model A,460000,61
629.305418,13802.71041,JURONG EAST,04 TO 06,67,New Generation,275000,65
677.0501369,15121.61892,JURONG EAST,10 TO 12,64,Model A,342000,94
1783.494029,12030.624,JURONG EAST,01 TO 03,129,Standard,500000,56
1294.09371,13196.16535,JURONG EAST,22 TO 24,91,Model A,500000,79
838.5057216,15435.17169,JURONG EAST,04 TO 06,141,Apartment,730000,61
861.8634372,13796.6921,JURONG EAST,07 TO 09,121,Improved,480000,63
1126.872618,13337.11345,JURONG EAST,37 TO 39,92,Model A,488000,95
477.9535355,14275.43396,JURONG EAST,01 TO 03,102,New Generation,428000,58
699.3011758,14265.33696,JURONG EAST,04 TO 06,67,New Generation,265000,63
1474.359133,12754.85061,JURONG EAST,04 TO 06,74,Improved,210000,57
1655.019778,12190.13893,JURONG EAST,10 TO 12,117,Standard,550000,56
1435.828155,13065.63902,JURONG EAST,10 TO 12,93,New Generation,445000,62
1412.425811,12783.8788,JURONG EAST,01 TO 03,67,Improved,200000,48
1194.799641,13174.1926,JURONG EAST,22 TO 24,92,Model A,450000,93
242.4285114,18336.7529,JURONG WEST,04 TO 06,110,Premium Apartment,475000,88
871.9356524,18622.42098,JURONG WEST,07 TO 09,104,Model A,420000,67
860.7528629,16863.8433,JURONG WEST,07 TO 09,65,Improved,235000,57
983.3421925,15705.34104,JURONG WEST,07 TO 09,84,Simplified,300000,65
428.0607578,16174.85297,JURONG WEST,13 TO 15,151,Maisonette,740000,63
1003.885661,16743.59009,JURONG WEST,07 TO 09,104,Model A,483000,60
1657.846248,18108.39641,JURONG WEST,10 TO 12,90,Model A,368000,84
875.4263891,16072.13369,JURONG WEST,04 TO 06,111,Model A,428000,62
1766.233103,15107.39422,JURONG WEST,04 TO 06,108,DBSS,645000,93
740.4829278,17621.75514,JURONG WEST,10 TO 12,95,Premium Apartment,470000,77
978.4549385,17082.5092,JURONG WEST,19 TO 21,59,Improved,235000,54
1087.33217,17376.61379,JURONG WEST,10 TO 12,47,Model A,225000,94
1055.647717,15727.48793,JURONG WEST,07 TO 09,84,Simplified,342000,67
344.0173201,17831.30738,JURONG WEST,07 TO 09,132,Apartment,558000,80
694.078432,15493.16057,JURONG WEST,16 TO 18,140,Apartment,678000,76
1075.667385,15228.68822,JURONG WEST,04 TO 06,67,Improved,280000,50
977.5911529,18462.06158,JURONG WEST,10 TO 12,104,Model A,310000,71
880.473302,16887.65693,JURONG WEST,10 TO 12,65,Improved,278000,53
1091.448407,18495.46669,JURONG WEST,01 TO 03,104,Model A,320000,72
555.7013119,15706.43105,JURONG WEST,01 TO 03,67,New Generation,335000,62
241.6779032,3893.160832,KALLANG/WHAMPOA,25 TO 27,70,Premium Apartment,625000,95
357.4398126,3728.609619,KALLANG/WHAMPOA,25 TO 27,93,Model A,910800,94
811.4145694,4146.83925,KALLANG/WHAMPOA,22 TO 24,91,Improved,450000,51
861.6849152,4185.772086,KALLANG/WHAMPOA,16 TO 18,120,Improved,688000,80
357.4398126,3728.609619,KALLANG/WHAMPOA,25 TO 27,68,Model A,675000,94
652.987367,5000.593479,KALLANG/WHAMPOA,01 TO 03,94,New Generation,440000,62
415.127501,3101.161833,KALLANG/WHAMPOA,22 TO 24,76,Model A,576000,85
494.7119506,6776.202,KALLANG/WHAMPOA,07 TO 09,93,New Generation,573000,59
738.6410876,4833.453836,KALLANG/WHAMPOA,01 TO 03,56,Standard,216666,50
400.5490596,4159.776141,KALLANG/WHAMPOA,01 TO 03,48,Standard,278000,46
175.9208117,2870.497457,KALLANG/WHAMPOA,01 TO 03,85,Model A,590000,84
557.3361201,4657.350319,KALLANG/WHAMPOA,10 TO 12,66,Improved,290000,50
428.075608,3334.645966,KALLANG/WHAMPOA,04 TO 06,68,New Generation,370000,61
608.1481383,4109.068372,KALLANG/WHAMPOA,01 TO 03,107,New Generation,590000,60
353.5304832,3777.512542,KALLANG/WHAMPOA,13 TO 15,93,Model A,840000,94
345.8419992,3866.405157,KALLANG/WHAMPOA,37 TO 39,107,DBSS,965000,90
327.8682965,3817.699269,KALLANG/WHAMPOA,04 TO 06,113,DBSS,852000,91
576.8882312,4823.976356,KALLANG/WHAMPOA,01 TO 03,82,New Generation,393000,62
305.0964309,4178.139336,KALLANG/WHAMPOA,22 TO 24,90,Model A,720000,82
915.1527754,5104.838027,KALLANG/WHAMPOA,10 TO 12,93,Model A,750000,94
1802.961579,6842.665677,MARINE PARADE,10 TO 12,126,Standard,788000,56
1762.373078,7253.499099,MARINE PARADE,07 TO 09,130,Adjoined flat,768000,54
2035.152525,7115.759595,MARINE PARADE,01 TO 03,65,Improved,420000,52
1929.546035,6656.738286,MARINE PARADE,04 TO 06,82,Improved,450000,55
1806.815895,6772.85684,MARINE PARADE,13 TO 15,120,Standard,950000,54
1923.833061,7074.324134,MARINE PARADE,04 TO 06,65,Improved,407000,56
2011.359656,7229.842102,MARINE PARADE,01 TO 03,122,Standard,790000,52
2035.152525,7115.759595,MARINE PARADE,16 TO 18,76,Improved,502000,56
1914.547132,7364.731267,MARINE PARADE,13 TO 15,82,Improved,445000,53
2096.794588,6678.506927,MARINE PARADE,13 TO 15,117,Standard,905000,57
1655.859041,7569.746568,MARINE PARADE,07 TO 09,65,Improved,323000,55
1961.173547,7485.703059,MARINE PARADE,04 TO 06,117,Standard,840000,52
1946.534226,7753.052441,MARINE PARADE,16 TO 18,120,Standard,780000,56
1876.923435,7589.666237,MARINE PARADE,04 TO 06,76,Improved,440000,52
1655.859041,7569.746568,MARINE PARADE,07 TO 09,65,Improved,368000,52
1755.115408,7507.406368,MARINE PARADE,07 TO 09,88,Improved,495000,56
1843.23813,7559.104181,MARINE PARADE,01 TO 03,120,Standard,700000,53
1823.970367,7211.170511,MARINE PARADE,13 TO 15,88,Improved,478000,54
1898.864517,6902.740114,MARINE PARADE,13 TO 15,65,Improved,429500,53
1934.08143,7704.192842,MARINE PARADE,07 TO 09,70,Improved,428000,51
1317.738244,15277.06291,PASIR RIS,07 TO 09,124,Improved,588000,70
1142.992904,15537.39538,PASIR RIS,07 TO 09,147,Apartment,615000,71
329.7259537,14441.40115,PASIR RIS,07 TO 09,113,Improved,760000,92
540.0420371,14285.08364,PASIR RIS,04 TO 06,93,Model A,545000,95
1151.924017,15112.42414,PASIR RIS,13 TO 15,122,Improved,498000,69
504.0271612,14476.49358,PASIR RIS,01 TO 03,123,Improved,578000,69
548.9827715,14408.01251,PASIR RIS,07 TO 09,106,Model A,430000,75
475.7409322,14664.24869,PASIR RIS,01 TO 03,148,Maisonette,685000,70
474.5754916,14317.48662,PASIR RIS,07 TO 09,93,Model A,560888,93
809.8324986,14912.00115,PASIR RIS,01 TO 03,111,Model A,375000,70
1000.377931,14331.99645,PASIR RIS,07 TO 09,123,Improved,468000,77
995.847272,14975.44371,PASIR RIS,07 TO 09,126,Improved,500000,73
426.9644877,14386.09444,PASIR RIS,04 TO 06,68,Model A,415000,92
504.0271612,14476.49358,PASIR RIS,04 TO 06,123,Improved,440000,74
1514.950084,14214.67862,PASIR RIS,01 TO 03,126,Improved,600000,74
1220.231291,15273.42537,PASIR RIS,01 TO 03,144,Apartment,530000,74
502.8186246,14658.94725,PASIR RIS,04 TO 06,144,Apartment,710000,72
1351.421602,15725.25514,PASIR RIS,04 TO 06,126,Improved,460000,72
1351.421602,15725.25514,PASIR RIS,07 TO 09,124,Improved,620000,70
1080.04509,14341.35183,PASIR RIS,10 TO 12,122,Improved,635000,72
1768.428087,14415.70097,PUNGGOL,10 TO 12,128,Premium Apartment,580000,84
1324.568939,14671.3305,PUNGGOL,07 TO 09,93,Premium Apartment,483000,92
1779.444855,14311.18815,PUNGGOL,07 TO 09,110,Premium Apartment,560888,80
1475.176035,14126.94544,PUNGGOL,07 TO 09,110,Improved,450000,83
1420.124502,14756.29052,PUNGGOL,13 TO 15,95,Premium Apartment,436888,95
1287.22055,13926.74491,PUNGGOL,10 TO 12,130,Premium Apartment,548000,83
2073.144477,14094.41779,PUNGGOL,16 TO 18,92,Model A,435000,93
1249.600698,14131.49731,PUNGGOL,07 TO 09,92,Model A,540000,94
2073.144477,14094.41779,PUNGGOL,07 TO 09,92,Model A,470888,92
1032.387503,15164.67871,PUNGGOL,07 TO 09,92,Model A,500000,93
1075.386632,14050.8319,PUNGGOL,07 TO 09,67,Model A,373000,92
1579.581754,14604.37901,PUNGGOL,07 TO 09,69,Model A,338000,95
1759.29939,14742.65634,PUNGGOL,07 TO 09,111,Premium Apartment,438000,87
1264.185257,14744.36881,PUNGGOL,07 TO 09,92,Model A,430000,91
1544.03345,14460.90089,PUNGGOL,04 TO 06,93,Model A,492000,93
1708.910908,14156.83173,PUNGGOL,04 TO 06,90,Model A,345000,82
1183.260967,13870.91406,PUNGGOL,13 TO 15,93,Model A,578000,95
1062.482614,14929.11574,PUNGGOL,13 TO 15,97,Premium Apartment,500000,94
1075.386632,14050.8319,PUNGGOL,04 TO 06,92,Model A,425000,95
1586.267563,14554.16541,PUNGGOL,16 TO 18,92,Model A,540000,95
514.3197127,7684.339173,QUEENSTOWN,10 TO 12,65,Improved,318000,56
719.8272874,7988.527764,QUEENSTOWN,07 TO 09,67,New Generation,350000,61
568.072377,4665.026739,QUEENSTOWN,19 TO 21,87,Premium Apartment,870000,93
729.5303174,4519.541124,QUEENSTOWN,40 TO 42,97,Premium Apartment Loft,978000,94
686.2908033,4563.990125,QUEENSTOWN,22 TO 24,97,Premium Apartment Loft,915000,94
568.072377,4665.026739,QUEENSTOWN,25 TO 27,99,Premium Apartment,1030000,94
568.072377,4665.026739,QUEENSTOWN,40 TO 42,122,Premium Apartment Loft,1328000,94
595.3221868,4597.15068,QUEENSTOWN,10 TO 12,85,Model A,710000,78
426.538126,6421.926453,QUEENSTOWN,04 TO 06,60,Standard,288000,47
305.8369377,5410.898915,QUEENSTOWN,04 TO 06,69,Improved,348888,47
340.5739924,6291.517267,QUEENSTOWN,04 TO 06,48,Standard,240000,49
195.4038093,6353.937689,QUEENSTOWN,16 TO 18,88,Model A,850000,92
725.7637766,8173.257939,QUEENSTOWN,16 TO 18,120,Standard,732000,58
631.7984292,5474.901018,QUEENSTOWN,04 TO 06,60,Improved,338000,48
380.4519979,4887.388128,QUEENSTOWN,28 TO 30,83,Premium Apartment,835000,95
468.3486484,7250.340801,QUEENSTOWN,13 TO 15,117,Standard,770000,55
580.264981,7882.652929,QUEENSTOWN,10 TO 12,93,Model A,780000,93
548.8519932,8375.456426,QUEENSTOWN,04 TO 06,65,Improved,380000,52
595.6098726,4612.755593,QUEENSTOWN,07 TO 09,117,Improved,833000,92
384.4331563,4809.85794,QUEENSTOWN,16 TO 18,110,Improved,835000,81
586.7396545,18741.95604,SEMBAWANG,10 TO 12,125,Apartment,520000,83
107.3172458,18779.54722,SEMBAWANG,13 TO 15,113,Improved,490000,80
414.5857479,18014.59528,SEMBAWANG,10 TO 12,47,Model A,358000,95
749.4728345,18707.49039,SEMBAWANG,13 TO 15,68,Model A,312000,94
640.7101082,18650.74265,SEMBAWANG,07 TO 09,85,Model A2,441000,79
984.9645006,19530.20262,SEMBAWANG,16 TO 18,46,Model A,210000,95
614.0877713,18393.53077,SEMBAWANG,10 TO 12,113,Improved,710000,94
414.5857479,18014.59528,SEMBAWANG,01 TO 03,47,Model A,341000,95
1020.334986,19593.20408,SEMBAWANG,13 TO 15,92,Model A,448000,93
148.1509412,18824.04767,SEMBAWANG,01 TO 03,93,Model A,362888,83
880.5883303,19554.09682,SEMBAWANG,10 TO 12,110,Improved,362000,85
538.9695335,18155.96472,SEMBAWANG,01 TO 03,120,Improved,388000,81
246.4786964,18822.61095,SEMBAWANG,10 TO 12,130,Apartment,645000,79
345.5410252,18857.84735,SEMBAWANG,10 TO 12,130,Apartment,500000,83
550.9875466,18165.00897,SEMBAWANG,10 TO 12,100,Model A,320000,79
721.3290444,18988.81718,SEMBAWANG,10 TO 12,137,Premium Apartment,460000,81
419.569157,18197.52505,SEMBAWANG,10 TO 12,93,Model A,568000,95
929.7684278,18792.25274,SEMBAWANG,13 TO 15,47,Model A,310000,92
470.9191418,18850.83191,SEMBAWANG,16 TO 18,95,Premium Apartment,400000,83
1031.73748,19660.24968,SEMBAWANG,13 TO 15,91,Model A,308000,83
860.1789641,13671.53181,SENGKANG,04 TO 06,113,Premium Apartment,580000,78
1752.730614,12351.40256,SENGKANG,07 TO 09,38,Model A,315000,95
962.0808863,13344.76617,SENGKANG,04 TO 06,112,Premium Apartment,530000,94
1566.108405,13480.59321,SENGKANG,01 TO 03,67,Model A,292000,96
1115.334405,13518.22479,SENGKANG,01 TO 03,93,Model A,540000,95
173.5493672,12157.08741,SENGKANG,13 TO 15,90,Premium Apartment,525000,91
277.1360239,12258.12979,SENGKANG,07 TO 09,93,Premium Apartment,510000,90
687.2128216,13350.00539,SENGKANG,04 TO 06,91,Model A,341000,82
2285.213865,12233.36071,SENGKANG,22 TO 24,95,Model A,475000,90
840.8568871,13819.28682,SENGKANG,10 TO 12,110,Improved,560000,78
967.8122395,13472.94972,SENGKANG,01 TO 03,92,Premium Apartment,380000,95
558.3913873,13497.92458,SENGKANG,13 TO 15,113,Improved,688000,93
631.3011136,13617.095,SENGKANG,10 TO 12,110,Improved,450000,81
357.5227162,12800.73644,SENGKANG,04 TO 06,102,Model A,430000,81
2062.455959,12688.58037,SENGKANG,10 TO 12,93,Model A,526000,92
2500.915466,12393.74337,SENGKANG,13 TO 15,92,Model A,460000,95
536.2249653,13185.44149,SENGKANG,04 TO 06,92,Model A,475000,94
300.462868,13064.58041,SENGKANG,04 TO 06,122,Improved,470000,79
1031.395232,12339.54525,SENGKANG,04 TO 06,115,Improved,538888,76
1673.257671,12963.23804,SENGKANG,10 TO 12,93,Model A,450000,95
587.6711106,8109.246148,SERANGOON,16 TO 18,140,Apartment,1025000,76
746.0185824,8586.028052,SERANGOON,01 TO 03,93,New Generation,370000,64
1654.312569,10194.51809,SERANGOON,10 TO 12,101,Model A,390000,79
534.9048539,7999.066888,SERANGOON,01 TO 03,104,Model A,575000,64
232.6571449,7878.717861,SERANGOON,07 TO 09,121,Improved,768000,71
473.8254541,7844.292641,SERANGOON,04 TO 06,146,Maisonette,960000,64
401.3052829,7989.355498,SERANGOON,07 TO 09,69,Improved,398000,62
479.6062549,8112.364929,SERANGOON,04 TO 06,95,New Generation,485000,64
1662.621211,10143.5909,SERANGOON,04 TO 06,100,Model A,398000,79
584.8036827,8194.470571,SERANGOON,04 TO 06,84,Simplified,394000,64
2006.704262,10196.11016,SERANGOON,13 TO 15,110,Model A,530000,70
2197.614738,10347.14648,SERANGOON,10 TO 12,140,Apartment,703000,79
414.6560428,7641.718797,SERANGOON,04 TO 06,121,Improved,830000,67
692.5588049,8382.144061,SERANGOON,10 TO 12,91,New Generation,470000,65
1743.068736,10359.44648,SERANGOON,07 TO 09,124,Improved,530000,73
1644.441431,9666.409351,SERANGOON,04 TO 06,83,Simplified,360000,66
359.6968021,8207.445529,SERANGOON,07 TO 09,88,Simplified,518000,67
2262.487796,10410.92773,SERANGOON,07 TO 09,121,Improved,650000,74
1599.747578,9513.756906,SERANGOON,10 TO 12,150,Maisonette,670000,68
641.2494143,8219.50496,SERANGOON,07 TO 09,84,Simplified,413000,64
903.6420749,11462.75841,TAMPINES,16 TO 18,101,Model A,490000,77
281.7953692,13712.87409,TAMPINES,10 TO 12,94,DBSS,660000,89
1056.589276,12518.71076,TAMPINES,07 TO 09,104,Model A,466000,69
970.2319633,11382.76288,TAMPINES,13 TO 15,137,Apartment,690000,78
556.418237,11610.57133,TAMPINES,07 TO 09,69,Model A,382000,94
294.4970519,14207.51188,TAMPINES,04 TO 06,122,Improved,490000,66
615.6251954,13447.70835,TAMPINES,01 TO 03,121,Improved,500000,63
228.1799601,11805.65418,TAMPINES,07 TO 09,73,Model A,318000,63
347.2269052,13825.74608,TAMPINES,01 TO 03,122,Improved,505000,71
551.1406161,13540.75752,TAMPINES,01 TO 03,60,Improved,345000,59
435.5941693,14048.80155,TAMPINES,07 TO 09,143,Apartment,660000,72
741.6056414,12104.80874,TAMPINES,10 TO 12,122,Improved,527000,65
1520.261547,12783.3309,TAMPINES,13 TO 15,100,Model A,515000,74
378.5258596,12267.43035,TAMPINES,04 TO 06,104,Model A,475000,70
1520.261547,12783.3309,TAMPINES,01 TO 03,100,Model A,370000,77
1626.107025,12518.93039,TAMPINES,04 TO 06,102,Model A,405000,76
918.6735134,13143.74111,TAMPINES,10 TO 12,103,Model A,510000,63
615.1728286,14644.16069,TAMPINES,01 TO 03,100,Model A,450000,75
461.8016472,14431.70052,TAMPINES,10 TO 12,127,Improved,535000,76
476.8295126,12218.32569,TAMPINES,04 TO 06,104,Model A,480000,65
232.691917,5626.164708,TOA PAYOH,07 TO 09,124,Improved,1038000,76
260.6879111,5738.177931,TOA PAYOH,04 TO 06,110,Improved,660000,86
343.4449309,5722.082131,TOA PAYOH,04 TO 06,76,Model A,515000,89
201.6475984,6239.947191,TOA PAYOH,04 TO 06,40,Standard,270000,45
748.2402409,6244.331606,TOA PAYOH,01 TO 03,67,Improved,195000,49
469.4958852,5974.663866,TOA PAYOH,01 TO 03,140,Model A,749000,63
331.8921793,6474.648987,TOA PAYOH,13 TO 15,87,Improved,439000,55
174.7027067,5589.851518,TOA PAYOH,01 TO 03,124,Improved,1030000,78
355.8697076,5848.614427,TOA PAYOH,01 TO 03,67,Improved,338000,48
538.5143824,5751.612389,TOA PAYOH,10 TO 12,72,Standard,265000,49
1299.327919,6092.40264,TOA PAYOH,07 TO 09,76,Improved,328000,57
377.6335081,6429.931319,TOA PAYOH,01 TO 03,87,Improved,405000,51
1182.813465,5264.845562,TOA PAYOH,07 TO 09,66,Improved,250000,54
478.4884458,5844.98794,TOA PAYOH,10 TO 12,91,Model A,680000,84
933.8842739,5372.419918,TOA PAYOH,01 TO 03,104,Model A,461000,71
362.5825248,5798.507166,TOA PAYOH,01 TO 03,74,Model A,383888,62
443.988198,5796.087637,TOA PAYOH,19 TO 21,122,Improved,1020000,74
447.9115078,5882.311894,TOA PAYOH,25 TO 27,116,Improved,895000,82
459.9924817,5923.421268,TOA PAYOH,01 TO 03,110,DBSS,810000,91
206.6396894,6580.365384,TOA PAYOH,07 TO 09,65,Improved,300000,55
442.7295735,18572.80302,WOODLANDS,04 TO 06,118,Improved,418000,77
629.2166197,18918.63768,WOODLANDS,04 TO 06,100,Model A,350000,79
795.8277421,18299.86243,WOODLANDS,01 TO 03,110,Premium Apartment,385000,82
365.0568418,18667.35363,WOODLANDS,04 TO 06,122,Improved,420000,76
753.4747363,17988.46211,WOODLANDS,04 TO 06,99,Model A,304000,78
726.3771017,18853.49316,WOODLANDS,07 TO 09,113,Improved,645000,95
650.7222352,17794.57401,WOODLANDS,04 TO 06,142,Premium Apartment,655000,77
653.4815822,17728.77853,WOODLANDS,07 TO 09,100,Model A,455000,74
729.1679897,18309.23932,WOODLANDS,01 TO 03,92,Premium Apartment,398000,94
487.2395966,18370.31227,WOODLANDS,10 TO 12,119,Improved,433000,78
324.7951517,18137.46762,WOODLANDS,10 TO 12,120,Improved,530000,78
787.1337095,18032.34005,WOODLANDS,07 TO 09,83,Simplified,425000,61
889.3624995,18387.004,WOODLANDS,01 TO 03,90,Premium Apartment,330000,85
726.9464772,18972.96248,WOODLANDS,01 TO 03,111,Model A,460000,73
919.9958193,18951.50009,WOODLANDS,01 TO 03,104,Model A,320000,76
514.262785,18832.19648,WOODLANDS,07 TO 09,189,Apartment,1030000,71
580.2240506,17746.33538,WOODLANDS,10 TO 12,104,Premium Apartment,488000,77
318.2575537,18088.04645,WOODLANDS,01 TO 03,147,Premium Apartment,705000,75
870.4388425,19237.36861,WOODLANDS,10 TO 12,76,Improved,268000,52
183.4527952,17437.86558,WOODLANDS,04 TO 06,120,Improved,410000,81
993.5709482,17133.66437,YISHUN,10 TO 12,104,Model A,352000,65
1512.300774,15058.86474,YISHUN,01 TO 03,112,Improved,560000,92
1014.553443,16106.09033,YISHUN,10 TO 12,105,Model A,448000,65
885.1449539,16496.68082,YISHUN,10 TO 12,112,Improved,610888,93
1516.328496,15805.78064,YISHUN,07 TO 09,104,Model A,340000,69
870.1545456,16631.13737,YISHUN,04 TO 06,67,New Generation,230000,56
869.6482626,15994.51094,YISHUN,01 TO 03,64,Simplified,230000,67
1035.677783,17086.07762,YISHUN,04 TO 06,64,Simplified,252000,68
692.0155987,16872.22898,YISHUN,01 TO 03,91,New Generation,305000,65
662.4191565,15724.834,YISHUN,04 TO 06,84,Simplified,365000,63
980.5486704,16846.37724,YISHUN,07 TO 09,112,Improved,415000,82
1049.876864,16477.34184,YISHUN,07 TO 09,112,Improved,523000,94
1800.23831,15340.20523,YISHUN,10 TO 12,92,Model A,380000,95
495.6689844,15306.54729,YISHUN,10 TO 12,84,Simplified,308000,68
702.2403487,15091.67112,YISHUN,07 TO 09,84,Simplified,353000,65
541.1174504,15515.80042,YISHUN,07 TO 09,74,Model A,380000,66
712.7655375,16594.35837,YISHUN,01 TO 03,67,New Generation,257000,64
702.2403487,15091.67112,YISHUN,10 TO 12,84,Simplified,310000,69
714.7711675,16810.30467,YISHUN,07 TO 09,95,New Generation,313000,64
1605.125361,15192.78526,YISHUN,13 TO 15,92,Model A,381000,94
